{
  "version": 2,
  "enableBridgingAssist": true,
  "onlyBridgeWhenCrouched": true,
  "supportedBridgeAxes": "BOTH",
  "supportedBridgeAxesWhenCrouched": "FALLBACK",
  "enableSlabAssist": true,
  "enableNonSolidReplace": true,
  "delayPostBridging": 4,
  "showCrosshair": true,
  "showOutline": false,
  "showOutlineEvenWhenNotBridging": false,
  "nonBridgeRespectsCrouchRules": true,
  "outlineColour": 1711276032,
  "showDebugHighlight": true,
  "showNonBridgingDebugHighlight": false,
  "showDebugTrace": false
}