{
  "time": true,
  "timeDate": "HH:mm:ss",
  "timeFormat": "[$]",
  "timeColor": 16733695,
  "hover": true,
  "hoverDate": "MM/dd/yyyy",
  "hoverFormat": "$",
  "hoverColor": 16777215,
  "counter": true,
  "counterFormat": "\u00268(\u00267x\u0026r$\u00268)",
  "counterColor": 16777045,
  "counterCheckStyle": false,
  "counterCompact": false,
  "counterCompactDistance": 0,
  "boundary": true,
  "boundaryFormat": "\u00268[\u0026r$\u00268]",
  "boundaryColor": 5636095,
  "chatlog": true,
  "chatlogSaveInterval": 0,
  "chatHidePacket": true,
  "chatWidth": 0,
  "chatHeight": 0,
  "chatMaxMessages": 16384,
  "chatNameFormat": "\u003c$\u003e",
  "chatNameColor": 16777215,
  "shiftChat": 10,
  "messageDrafting": false,
  "onlyInvasiveDrafting": false,
  "searchDrafting": true,
  "hideSearchButton": false,
  "vanillaClearing": false,
  "copyColor": 5636095,
  "copyReplyFormat": "/msg $ "
}