{
  "reputationRequirementToBeAttacked": -100,
  "reputationRequirement": 15,
  "guardEntitysRunFromPolarBears": false,
  "guardEntitysOpenDoors": true,
  "guardEntityFormation": true,
  "clericHealing": true,
  "armorerRepairGuardEntityArmor": true,
  "attackAllMobs": false,
  "guardAlwaysShield": false,
  "friendlyFire": true,
  "mobBlackList": [],
  "amountOfHealthRegenerated": 1.0,
  "followHero": true,
  "healthModifier": 20.0,
  "speedModifier": 0.5,
  "followRangeModifier": 20.0,
  "giveGuardStuffHotv": false,
  "setGuardPatrolHotv": false,
  "chanceToDropEquipment": 100.0,
  "useSteveModel": false,
  "raidAnimals": false,
  "witchesVillager": true,
  "blackSmithHealing": true,
  "convertVillagerIfHaveHotv": false,
  "guardVillagerHelpRange": 50.0,
  "illagersRunFromPolarBears": true,
  "villagersRunFromPolarBears": true,
  "guardArrowsHurtVillagers": true,
  "spawnChancePerVillager": 0.5
}