{
    "ModSettings": {
        "highlight_foused_items": {
            "value": false
        },
        "villager_trading_enable": {
            "value": false
        },
        "first_run": false
    },
    "GuiSettings": {
        "enable_inventory_editor_button": {
            "value": false
        },
        "enable_inventory_settings_button": {
            "value": false
        },
        "enable_profiles_ui": {
            "value": false
        },
        "show_continuous_crafting_checkbox": {
            "value": false
        },
        "continuous_crafting_checkbox_value": "UNCHECKED",
        "continuous_crafting_saved_value": false
    },
    "LockedSlotsSettings": {
        "show_locked_slots_background": {
            "value": false
        }
    },
    "AutoRefillSettings": {
        "auto_refill_enable_indicator_icons": {
            "value": false
        },
        "auto_refill_enable_horbar_indicator_icons": {
            "value": false
        },
        "audio_durability_notification": {
            "value": false
        },
        "audio_replace_success_notification": {
            "value": false
        },
        "audio_replace_failed_notification": {
            "value": false
        },
        "type_visual_replace_failed_notification": "HOTBAR"
    }
}