{
    "io.wispforest.accessories.client.gui.AccessoriesScreen": {
        "ignore": true
    },
    "io.wispforest.accessories.client.AccessoriesMenu": {
        "ignore": true
    },
    "net.minecraft.class_481": {
        "buttonHints": {
            "SHOW_EDITOR": {
                "horizontalOffset": -5,
                "top": 45
            },
            "SETTINGS": {
                "horizontalOffset": -5,
                "top": 44
            }
        }
    },
    "com.tiviacz.travelersbackpack.client.screen.TravelersBackpackHandledScreen": {
        "ignore": true
    },
    "com.tiviacz.travelersbackpack.inventory.screen.TravelersBackpackItemScreenHandler": {
        "ignore": true
    },
    "com.tom.storagemod.screen.StorageTerminalScreen": {
        "ignore": true,
        "buttonHints": {
            "MOVE_TO_CONTAINER": {
                "bottom": -7
            },
            "MOVE_TO_PLAYER": {
                "top": -16
            },
            "SORT": {
                "top": -16
            },
            "SORT_COLUMNS": {
                "top": -16
            },
            "SORT_ROWS": {
                "top": -16
            }
        }
    },
    "com.tom.storagemod.menu.StorageTerminalMenu": {
        "ignore": true
    }
}